path	bytes	sha256
.github/workflows/smoke-test.yml	357	1dbf75084a9782b5b498157b208f5ded9eae4156a2ba50f7685c96af29663870
.gitignore	226	720a82ec61cc8a25e95c7c0e10f7c018beb845ff752b55eadb0f6df0d7542fd4
.zenodo.json	802	ee620a98c19bb2fce9c4ec4a2ebbde42a7d18fbe40d667c8f0295e712b80ee05
CITATION.cff	693	fc11c40cce5662453751b136bb49062a844d6a3f4193ca30c16a71871c513ba4
configs/datasets/agriculture_vision.yaml	393	faa33acde09a74ebda8e7286c9106e6bfc789af2f9295652920898ce57c9db9b
configs/datasets/cropandweed.yaml	1200	26910069f15d088cd119f308cf87e9acbcd02ff2452a694f131a9df5941b8b29
configs/datasets/cwd30.yaml	222	bb172a9dcce4c9a6e618f619537dceb17c55350737316c227b8d05ce76767d44
configs/datasets/deepweeds.yaml	253	82dcecc86b23e874a6a992b418dc51b8599fe0ca788c38ff60d3fea03ae5d4ff
configs/datasets/phenobench.yaml	816	9cb7f5cdcb28d34d2777ed7a29d65fe8a814abac0e24edee546b4e11f712501c
configs/datasets/weedmap.yaml	233	496cbbfa9f4c845e10de2f4fa069acee33537b593ec577284a81cbe3651ffa0a
configs/experiments/cross_dataset.yaml	666	20aaec09423abb1b29505f6a8031553cdc7f5a9947c34a77b9ae65c0ec39c3a1
configs/experiments/label_budget.yaml	220	78b3eb3bdc57bfea150380e4ca3c22b412b13d6ce1aee97618fccef6d074214f
configs/experiments/models.yaml	624	d7fa3974db1e508d04c4d1d0efbeef5baea414c9cb2f476212a19014d256c434
configs/experiments/stress_tests.yaml	288	6bfc7642c4451cfb37f3b48e725cf6f2a768249805d7cc265037cb5d8af3471c
configs/label_maps/cwd30_cropandweed.yaml	154	fbdcfb578c8787f0b6172cac75fc5eab8ae7146b7a1f551c8746a1f2b72c3bc9
configs/label_maps/cwd30_deepweeds.yaml	285	c5ac10b28e4ec928c2aba7f30a11cc0e4d91af39dcdac88bd3cf72abf51df214
configs/models/classification_baselines.yaml	671	70121a51a12729e4fd78267e0393a95ddc17d56ff49e6e82ebb103d95fab0a8d
configs/models/recommended_benchmark_models.yaml	1927	99dcf49655d8969ee81f864dfed4ef138aeefab468eda4fd10cd3dd36bb862a0
configs/models/segmentation_baselines.yaml	352	823410f2110c7669ff8e7532ac4374827dffab1f9eb786d869e2bddef2639255
configs/stressors/image_quality.yaml	527	8a8ed7655895f1b615d038067a30fbe6d1de40c213d254d0b6fc69844e314d5c
configs/stressors/sensor_ablation.yaml	369	8411db188fa84cc14647269bb4c6672b4101196712ceaa631a9fbedd24d8865e
data/processed/.gitkeep	0	e3b0c44298fc1c149afbf4c8996fb92427ae41e4649b934ca495991b7852b855
data/raw/.gitkeep	0	e3b0c44298fc1c149afbf4c8996fb92427ae41e4649b934ca495991b7852b855
DATA_AND_CODE_AVAILABILITY.md	874	a34379b007f8b9de38fa7efc4b5bbb5bb77e2aa1e39bb9335650e8109f0b7d74
DATASETS.md	1311	a1dc7871d5eb90fca64dff28138f9184d088a77fb4fbcdb49981889d0fa6221c
environment.yml	320	78853ec898e51cd703be571fd408df7367946ca05e4317db7bdf73a2b7fc7e72
GITHUB_PUBLISHING.md	938	5f80b077500e9a54c50bc3e2bdeb8e84e5731cf7f0e1497a5b4b2ce292c320e2
LICENSE	1111	302c084e31f0506a8c94bda5e0844efb8802f01b614493dd6d59a96ecc86c028
METADATA_TO_CONFIRM.md	492	0a1edd3b944e5b7efe2d8f74144ba4760247b7c72702baa7e3c15dc6d4b4307d
paper_artifacts/figures/benchmark_pipeline_schematic.pdf	55422	c2f13b1344155fcbcd98cc7b77a1e1bb800189b10b838e9981ae1030add103fd
paper_artifacts/figures/classification_pareto_latency_external.pdf	21192	cf7ecd12f40e9c1385bee0ddbfa5ef236638d4ea330247ebde9951eb8b6a061d
paper_artifacts/figures/classification_reliability_diagrams.pdf	19167	fb0910091c6f0f7e142fd18a105800ff7552cc02e9954f8a74dbb40174cece7f
paper_artifacts/figures/classification_risk_coverage_curves.pdf	28189	244f29bd49d7ac9395db89ba3620005c9b5102e17af10335533dadab56887fb8
paper_artifacts/figures/classification_stress_readable.pdf	23279	b3d7f8c063f731f4d5db742573a9b0e742516320d3b03e88c9680e1361cec6f6
paper_artifacts/figures/detection_pareto_latency_external.pdf	20610	ab343f1400c3c436231b1355ae236bfdeae822b1ddf31d91c7ce045a194bfd2a
paper_artifacts/figures/detection_stress_readable.pdf	24614	abe4149b4c0ad8f997aad1884dead9f5d7ebd319284c40299cd1eff6b56a2e6f
paper_artifacts/figures/failure_audit_summary_classification.pdf	425252	823ef745ab3ac4ea94530e035979a312c9e603e455580bb52866c65fdd294874
paper_artifacts/figures/failure_audit_summary_dense_stress.pdf	177492	692ef84f8afea75fdbba9c702de203bf41aef910f69a7e16cac5537f3bf700c3
paper_artifacts/figures/label_harmonization_real_examples.pdf	754287	f0f2797b9e00d30df8200e41ef26c825ce7c4ff17883ed0867d6a8b04100ff0f
paper_artifacts/figures/segmentation_pareto_latency_external.pdf	20915	1f31ca753a8e29980b85b0e988f59e00f2911ed649c652037e6b8f9543dd47ad
paper_artifacts/figures/segmentation_stress_readable.pdf	23961	a2a7f85dce7912cd6b776e04add5cbf9d58c8960ee5fa10667035080d5efa548
paper_artifacts/figures/stress_severity_curves_classification.pdf	27182	8882920c5222bb4fa516d7617ce15afb3a22858dfa51e536d30636f708580843
paper_artifacts/figures/stress_severity_curves_segmentation.pdf	26489	5a76b3eda2071fce29b45e271251b81863886c21312ba88515baa3bc6668f10b
paper_artifacts/supplementary/figureS_detection_stress_severity_sweep.pdf	16575	2b91bf893e89c5e1c43cc659d01ff3c330b939819f70e54c795bdbd0ef1c2e4b
paper_artifacts/supplementary/figureS_detection_stress_severity_sweep_full_corruptions.pdf	20753	cfd3d5cafbf0944cab94c5d9fac8a81c0f0b1a7c9098e0d43a63f2e40d10a5aa
paper_artifacts/supplementary/figureS_failure_classification_full_atlas.pdf	303000	cda98019cccb2b9b49c0deeadf0872c24e0fa797b3f43e1aa392fbc98320abea
paper_artifacts/supplementary/figureS_failure_segmentation_stress_full_atlas.pdf	209395	7e756d47b71c7fb3408b080783300904d6b35e95a454952c87b33e76bf4f4d71
paper_artifacts/supplementary/figureS_qualitative_failure_full_atlas.pdf	1289836	0ac66f9ae9437f4ea2e921af6387de5ab69d1db94a8bddffcc00045b612e7e10
paper_artifacts/supplementary/figureS_stress_severity_classification_fullsize.pdf	27182	8882920c5222bb4fa516d7617ce15afb3a22858dfa51e536d30636f708580843
paper_artifacts/supplementary/figureS_stress_severity_segmentation_fullsize.pdf	26489	5a76b3eda2071fce29b45e271251b81863886c21312ba88515baa3bc6668f10b
paper_artifacts/supplementary/tableS_box_generation_rules.csv	429	b6fc1fad8392e37d9a09478825775b514868e521f9fe2cab7b94d2ff2d73dbd4
paper_artifacts/supplementary/tableS_calibration_all_runs.csv	2650	06bb0ee654e85f75a2052208ab891e97d4e5c7d93479d41bbe7a35b96e59b123
paper_artifacts/supplementary/tableS_ci_numeric_examples.csv	1374	b48fe0c5f4197cc76c0fc24a7f561bcf68834c2dc7b176f9f0cdb34781584b1f
paper_artifacts/supplementary/tableS_cross_dataset_ci_all_tasks.csv	17210	b0e51d1001c1fffa571dbb5f15677da0ea7d7cac849e0edeb086789376990f36
paper_artifacts/supplementary/tableS_cross_dataset_reliability_full.csv	3136	7f8af345d5932c472da100ed66ad1b06aba78d947d30b88aefe2344df02ab21c
paper_artifacts/supplementary/tableS_cross_dataset_retention_ci.csv	17210	b0e51d1001c1fffa571dbb5f15677da0ea7d7cac849e0edeb086789376990f36
paper_artifacts/supplementary/tableS_cwd30_classification.csv	1509	0b48b0e88d69b294b609e0d367ce6c331d40d6dba0f5034ebd3140c077355229
paper_artifacts/supplementary/tableS_cwd30_classification_all_models.csv	2058	37926938c6b98bd1bcce21496f40dbfa43401d114b6c25d90d4c1d9448ab13de
paper_artifacts/supplementary/tableS_cwfid_classification.csv	1725	e09e23061d7c3deeb3684c9013c3e20ee4aaafcedb19b4cc5bca12a3853fe667
paper_artifacts/supplementary/tableS_cwfid_classification_all_models.csv	2166	d70f4cfeb2878da9701c231375d975e94a017a86f3edba80276576e2cc377144
paper_artifacts/supplementary/tableS_cwfid_detection.csv	1408	7c58717e9fa98dcaa2efbb544bda9d634539aed82e26c6c9e602f37499ed7687
paper_artifacts/supplementary/tableS_cwfid_detection_all_models.csv	1922	dad99cacb41e670942ce431b18008cb20bfac88ac2064814e6d459ced876d961
paper_artifacts/supplementary/tableS_cwfid_segmentation.csv	1511	62b8d646ebd1055dc91b88713014128e7680ab6bc7fd3707b63949cc4a69021b
paper_artifacts/supplementary/tableS_cwfid_segmentation_all_models.csv	1791	5ba9315d31e1ac227b9d24e892d04a7a8de4c36fedde68713892c32da342b961
paper_artifacts/supplementary/tableS_deployment_tradeoff_full.csv	2891	371e10a475aa93a3b7c472911bcb2ce8066c424aab098a558b5ece555b5a8395
paper_artifacts/supplementary/tableS_detection_bootstrap_ci.csv	9155	2c5631e1be82b9a8cbe14fbfad718c94de6d10944e55c88614465f6a6207dcf5
paper_artifacts/supplementary/tableS_detection_CI.csv	9155	2c5631e1be82b9a8cbe14fbfad718c94de6d10944e55c88614465f6a6207dcf5
paper_artifacts/supplementary/tableS_detection_stress_severity.csv	3977	8371110fbcde8274a480aa8f1449e4154b9c9efe481beb7c3322ebde829260b1
paper_artifacts/supplementary/tableS_external_dataset_statistics.csv	413	2ccf2b3c234bc9bf14297857a927e9fc27f152b6bb7a3f720d82012d426e6e97
paper_artifacts/supplementary/tableS_external_validation_all_model_analysis.csv	1289	d5656f4f2c25020ec2da51d264682ba9eb79287cc1e5fe3f7136a9eb64f1075c
paper_artifacts/supplementary/tableS_external_validation_diagnostics.csv	1133	14f9a804416a726aeb28560c8e27143c95647ede6150e6123c2a1143a1c11d2a
paper_artifacts/supplementary/tableS_label_mapping.csv	1458	848d1588e90c7fb3a613f7398bfe672602ef059afcdd013200aadacdc36ded79
paper_artifacts/supplementary/tableS_model_task_coverage_full.csv	2023	fe57bc158e8c0ac0ebdded492427da9aeca0c5ca65f088989f16e3ac308b52d4
paper_artifacts/supplementary/tableS_multiseed_all_runs_long.csv	42799	cbe46723885149973cadeb2ee4813acecef09320a1166cf6662b77cb0021dd2b
paper_artifacts/supplementary/tableS_multiseed_audit.csv	10086	920c3006b045fcd98debd22dca7e73a1db6198b77995ab07da4cf46f285a5a6d
paper_artifacts/supplementary/tableS_multiseed_retention_summary.csv	7251	5dd6ad29363f47b08e9da4e36ed0985cba62445f28cc1a48fe22eae12b1e0f1f
paper_artifacts/supplementary/tableS_multiseed_summary_wide.csv	21354	760e1a96aa64c34ea18081c543d7304dca9603af8e85d260c88700ed7189c6e7
paper_artifacts/supplementary/tableS_pareto_label_legend.csv	1506	dbffa5c1e3ab23e784815664e2acb255c4f22e1904f0a8b6b680dc484b76fa2c
paper_artifacts/supplementary/tableS_qualitative_failure_case_index.csv	834	2a5278b38936007498cd68c2917e565b2c4611234dd3f11298db32438405c1f3
paper_artifacts/supplementary/tableS_segmentation_bootstrap_ci.csv	22819	c35d154260c412542644709b6412ab3786d5296033a9bc5cfae91c57e18aef6d
paper_artifacts/supplementary/tableS_segmentation_CI.csv	22819	c35d154260c412542644709b6412ab3786d5296033a9bc5cfae91c57e18aef6d
paper_artifacts/supplementary/tableS_stress_robustness_full.csv	2913	fd63af533aae1d68c70c0813b4c7d352ffc13538d6de1f55fe2f5930b90e94b9
paper_artifacts/supplementary/tableS_stress_severity_summary.csv	900	56d6bb167689c8889bb7d6bf8270ea590801cbdccc8150eaee5642d97a136507
paper_artifacts/supplementary/tableS_stress_severity_sweep.csv	20855	c2f630627cf2cd0dc63d2341aa355ff36a70b2f7ba83fe065908c42faa61e281
paper_artifacts/supplementary/tableS_stress_severity_sweep_classification_segmentation.csv	20855	c2f630627cf2cd0dc63d2341aa355ff36a70b2f7ba83fe065908c42faa61e281
paper_artifacts/supplementary/tableS_subgroup_analysis.csv	26728	ce844707c62fe0fa624bd28f62084dc6ba6d27527a75533139ab3c5466f76ada
paper_artifacts/supplementary/tableS_temperature_scaling.csv	6859	fa55f79f487742f43822ca1ce044e66441a141e1d46a42f473a2ef26e38d8995
paper_artifacts/supplementary/tableS_training_protocol.csv	3523	a36af3aa8d2b694eb777e3e241fdf879b35be84c614a5037976959d702aeaf75
paper_artifacts/tables/table1_evidence_summary.csv	938	a562b800bf95bdf2d9d1407cc07bde26ed2dc3e2cc7caee18904150fd8cfd808
paper_artifacts/tables/table1_evidence_summary.tex	1618	b9295f9e5fd2c8b07db150c02618fa4f624bc12d078d0af87f989e3ccb31b266
paper_artifacts/tables/table2_transfer_summary.csv	613	4404b640b04806bc8389289b9c5502d191da1f412ed4b91da414bd7c93b1daa8
paper_artifacts/tables/table2_transfer_summary.tex	1349	b3b2618fd614a7b3e9de6fe4366e6d173f7d0b7fb5be2826c8a37a0c897f1fbc
paper_artifacts/tables/table3_calibration_summary.csv	401	7e1ac15c15812936a8a165e02465aaa080dd0590b0b1f7b6e9635c67c2ca93c1
paper_artifacts/tables/table3_calibration_summary.tex	962	9a405b6b57db5705f2a115564368f93a0774330a730ab86b5aae65c0d3560b39
paper_artifacts/tables/table4_classification_recommendations.csv	1007	1bbe0dd88ed2eb18a3aaacdc0ade440fa9893f5c4e36d6a3b98259c12198c884
paper_artifacts/tables/table4_detection_recommendations.csv	982	90e766724de2af7330b5cd64e31a92668aaf83d1af01e6f6f937b1c74ad6a741
paper_artifacts/tables/table4_practical_recommendations.tex	1361	31729d4c726e6cfffc003b53343295b5670aad704b6e72dea8fc842e867e1744
paper_artifacts/tables/table4_segmentation_recommendations.csv	1011	a7a8eea1af4f114fb798622cdf9c4eba47249db91a72e071efc066a9275d891f
paper_artifacts/tables/table5_external_validation_summary.csv	980	96a1a4f61e58758b1e7b32029aa174ebd22a7ce07bc9bd7919c4889e3e085154
paper_artifacts/tables/table5_external_validation_summary.tex	1448	e9f2614f61495b91b58c4601edef826d8b8c79bec1412b005c38025b6518ce89
paper_artifacts/tables/table6_multiseed_summary.csv	1040	d5ac545076750ac4167c850e2507b0f433fcb380fd25fc31b84e55f7edf7443c
paper_artifacts/tables/table6_multiseed_summary.tex	1347	4ec44cd03f790dfcf722094f53f270197eae1f0115400394825cc75065b46710
paper_artifacts/tables/table_temperature_scaling_summary.tex	883	df8cb94896bc53b57a262f129d1bd8006e37eebb5125bd14c201a7e9c9be2b0a
PUBLIC_RELEASE_CONTENTS.md	1046	34597e714686f4cb5ae4ad767de394b630607424e77adbe3efccf9d3d7fa1860
pyproject.toml	320	2c3182ba26b1fd1d40d07067c04de536ac41381b9762fca053b8421139b9fbe7
README.md	4463	79a0015f6e01e893f13bc5afab935674b0d098b2729315f6018b2df6af8e2d01
reports/curated_script_inventory.md	1019	1306ea4642ec029731d6f32f12164459d47082b1e0695756fa65a4cbeaee106a
reports/file_manifest.json	27016	3ccf79c685c945c28e76274f9213bb29b52f39b26be5e17fd62c027427a05730
REPRODUCIBILITY.md	1859	d73cb5535c12b2a8cbef64e2bf20822930916a2eda68d3160173ac2d765566ae
requirements.txt	340	5c0b8317ff4f7e49a60c7914ece384cf7e6f4acefc366b6a2e9c8a51236351f5
scripts/aggregate_formal_results.py	26199	7674e63eab802b41babdd0ad9cce9969d50b07d0efee6288e18219bee0759250
scripts/bootstrap_classification_ci.py	8413	49b5f66db7d2e6ea2768cc85ef5d772bd0283455d3d70bf0d966c1b89754e9f2
scripts/bootstrap_detection_ci.py	5352	9a02ae1b010948824766458d8c55ff951829d6dad4da42f4c211bcbc03192c4d
scripts/bootstrap_detection_records.py	8009	1fe45577976031f9f86169e95df5489c34658170af93e51681227d43cee8093f
scripts/bootstrap_segmentation_ci.py	3086	83043c78536471c316bdf0d59f44e4fb125dd972372343b669a806376de69cde
scripts/bootstrap_segmentation_mask2former_records.py	6123	7abd114a0c09173cd19e2c9cbd9340e31c4330df214ebaa509c0b59def039d51
scripts/bootstrap_segmentation_smp_records.py	7158	13f0d6741c620dfe6a7da3a68058078140693408956dd8e8044296c38edad6c7
scripts/build_dataset_statistics.py	6222	e5b08eb943687fb93e6aa59ec00288b659d613846f47f2c04a2fdc4a44f1261f
scripts/compute_detection_segmentation_bootstrap.py	447	f596a185a2756e7db0b46084c4aceda0c957ba7303ba1ff84b75397fdb9bc830
scripts/eval_calibration.py	1497	50939505c85dea25a58042f774f5546bf44b64aa5ca4b503523e50dfd13b0e5d
scripts/eval_classification.py	6443	9656148d692534fa4443e06fef282fe99be90cd4976d9a9f7e3dca505356f402
scripts/eval_classification_stress.py	4670	45896a41f6806c994c1b0e4af77e2274c8a3b2f76ab1027ca35cf94adcf5f6cf
scripts/eval_rtdetr_ultralytics.py	1397	8e1aab26facc48ac6d950be1f3535a891c6210582f759340975f3329432ea332
scripts/eval_segmentation_mask2former.py	3654	f6d0579c862b0b74d7226364e60220324aa363578e64776bd0fb084aa2ac6f5b
scripts/eval_segmentation_mask2former_stress.py	6509	04b144b2eebe93dbf539b4d4dee82fc1b8e88ce48764a0dfc94de118bc7b8e1e
scripts/eval_segmentation_smp.py	6272	182542a5e1419273e48c4d76d32438d1e970aad063b9be91a047d42dc791306e
scripts/eval_segmentation_stress.py	5144	a5b6161c3a1ce443b8ea510b1ee3581f9f707bcce788c5d2ceb91e4ba27aa771
scripts/make_figures.py	6478	b2300b5389f2bbeebac40a645387b270dc4d285b25f2f90b848a444ec4d01730
scripts/make_manifest.py	2787	1e1746e9ac1d37085470bff0149796098cf08e2648ee6cfb555153368daa76d4
scripts/prepare_training_data.py	7982	d419afc73e79a0cf3283863b549e96546fa7ee44709e576623c6e3e525d8ed1d
scripts/run_smoke_test.py	14814	9f6564c0d8d7828b62d983f08f4887cf1bf45b133f2d0f3f8fe5884c895e1ed1
scripts/train_classification_timm.py	8134	8448f36f8e50388ef1defd6c3fb7ae8319c10bfc59e1219d00e6fea09d1b00ef
scripts/train_segmentation_mask2former.py	9526	1ac33212294eb7fdfafcc840c39e8e69bf0327943f465ad15cfddeb594040c1e
scripts/train_segmentation_smp.py	7629	cde081c458e9b153262aa12f5c4e9cb91d53a8f45ce6b66c67cb9816bc37484d
src/agri_reliability/__init__.py	22	91447944015cec709e8aa7655f7e9d64e1e4508e7023a57fe3746911c0fc6fed
src/agri_reliability/data/cropandweed_adapter.py	472	cbe13a656a99768d8c178a387d577ac0a162a5a094c6426f534216b653d49ff7
src/agri_reliability/data/dataset_adapter.py	6888	59a52e964a676784e185ec24fd1d9296037f0596ff1c1170dda793c028ec9fd1
src/agri_reliability/data/derive_tasks.py	2970	d271c3b712955e0fb147c0e20eea92475b3ac272938b8c56f6136ccb102506c7
src/agri_reliability/data/label_mapping.py	4441	d87ed9c93b0f95ff006216b6def3469286e1d78ff786ab40533ac6b20a80c473
src/agri_reliability/data/manifest.py	1125	076e26c8263681f45e3fac5bba203a2f756430c89d17a9f1607899b46d0cabfd
src/agri_reliability/data/phenobench_adapter.py	471	acc0a2b893b8a79d6d8e33c0ac08d6cecdbf276bf7520b207841b5208b55b3a0
src/agri_reliability/metrics/calibration.py	2188	9f06dc45475f478a0759141b73348380f85dd919d815a6cf6b194588170a11ca
src/agri_reliability/metrics/classification.py	421	954f99e7ce1940334b7252d3edf607e8701eb9e582e6e180f5e1157623e61353
src/agri_reliability/metrics/detection.py	2095	a11660cbda2bcb0a03e28cfb4f0ebf7e04ff9550b5a5effb576fee25788884a1
src/agri_reliability/metrics/reliability.py	1429	937573dd354f502dd8e3e6e1c91c0ee57500ea3f5b35f25f2a69ce2edc0870a8
src/agri_reliability/metrics/risk_coverage.py	1316	db1ab3ea28696dab3b1aa13d86ce19d581feaa9f27d1bb8da497302b74777537
src/agri_reliability/metrics/segmentation.py	1905	42697b347a1eec9b81231759494e825e509750c6cd0a03a95c0a5aa9fe5844a6
src/agri_reliability/reporting/plots.py	1295	50b8f874c731b573a35525736d8c77283f25104a998a3e8046bf05b6ccbbab09
src/agri_reliability/stress/image_corruptions.py	131	60adeac911576f8b7e4e7b7d1e5ff12f0812ba7a90bc5ec2cc54e81086e82cb4
src/agri_reliability/stress/image_quality.py	1645	6abc326d54bb85a6ca835352a8f1bacf716e48387164cfa91bc0d609f31d50f7
src/agri_reliability/utils/config.py	183	e708c5dd5d6ec05d7c1e3b4ab5d53460c6d77e01f9b28aaa5817c432cb5b189e
VERSION	6	59854984853104df5c353e2f681a15fc7924742f9a2e468c29af248dce45ce03
